time,open,high,low,close,volume
1775806200000,75.61,75.7,75.44,75.5,66916.415
1775807100000,75.5,75.51,75.32,75.38,80563.822
1775808000000,75.38,75.43,75.31,75.34,81159.494
1775808900000,75.34,75.37,75.2,75.34,90597.372
1775809800000,75.34,75.41,75.07,75.08,77843.57
1775810700000,75.08,75.13,74.84,74.94,189153.443
1775811600000,74.94,75.2,74.94,75.2,118382.548
1775812500000,75.2,75.57,75.17,75.32,289896.593
1775813400000,75.32,75.35,75.19,75.26,65637.876
1775814300000,75.26,75.47,75.21,75.46,55034.501
1775815200000,75.46,75.48,75.22,75.28,55628.245
1775816100000,75.28,75.63,75.25,75.57,115475.84
1775817000000,75.58,75.62,75.5,75.58,49525.221
1775817900000,75.58,75.68,75.54,75.62,86410.467
1775818800000,75.62,75.62,75.47,75.55,71459.455
1775819700000,75.54,75.64,75.48,75.62,50435.507
1775820600000,75.62,75.72,75.54,75.66,62735.165
1775821500000,75.66,75.7,75.61,75.68,93100.591
1775822400000,75.69,75.81,75.6,75.81,138084.505
1775823300000,75.8,76.0,75.76,75.99,146965.607
1775824200000,75.99,76.16,75.77,75.82,646465.388
1775825100000,75.82,75.92,75.54,75.92,208104.937
1775826000000,75.92,76.25,75.83,76.13,358842.465
1775826900000,76.13,76.48,76.05,76.36,287489.21
1775827800000,76.37,76.44,76.03,76.12,319537.678
1775828700000,76.12,76.37,76.04,76.35,193054.92
1775829600000,76.36,76.56,76.05,76.46,329103.427
1775830500000,76.46,76.88,76.43,76.77,371683.907
1775831400000,76.77,76.87,76.35,76.43,307524.056
1775832300000,76.43,76.53,76.27,76.34,242642.711
1775833200000,76.35,76.61,76.15,76.56,190724.511
1775834100000,76.56,76.72,76.46,76.46,153212.55
1775835000000,76.47,76.56,76.01,76.19,331977.492
1775835900000,76.18,76.27,75.85,76.01,294789.375
1775836800000,76.01,76.2,75.75,76.16,256915.38
1775837700000,76.15,76.22,75.98,76.07,153417.364
1775838600000,76.07,76.22,76.01,76.04,118300.749
1775839500000,76.04,76.3,76.02,76.27,91318.458
1775840400000,76.28,76.32,76.12,76.28,103237.391
1775841300000,76.28,76.45,76.26,76.29,220829.032
1775842200000,76.29,76.42,76.24,76.32,54276.803
1775843100000,76.31,76.4,76.25,76.29,77120.308
1775844000000,76.3,76.33,76.06,76.31,80734.286
1775844900000,76.31,76.49,76.31,76.44,75731.03
1775845800000,76.44,76.55,76.39,76.42,91469.54
1775846700000,76.42,76.43,76.27,76.42,128783.196
1775847600000,76.41,76.45,76.35,76.41,55471.89
1775848500000,76.41,76.51,76.39,76.44,52739.351
1775849400000,76.44,76.49,76.37,76.43,61621.988
1775850300000,76.43,76.45,76.32,76.39,92869.952
1775851200000,76.38,76.41,76.25,76.36,35075.19
1775852100000,76.35,76.35,76.07,76.12,53700.181
1775853000000,76.12,76.23,76.06,76.23,39776.697
1775853900000,76.22,76.28,75.93,76.01,157501.56
1775854800000,76.0,76.05,75.88,75.93,68994.87
1775855700000,75.93,75.95,75.91,75.95,23141.605
1775856600000,75.95,75.95,75.92,75.95,21222.796
1775857500000,75.95,75.95,75.87,75.89,10652.558
1775858400000,75.89,75.9,75.87,75.9,6776.807
1775859300000,75.9,75.92,75.9,75.92,4384.021
1775860200000,75.92,75.93,75.88,75.92,18657.131
1775861100000,75.92,75.93,75.91,75.93,3632.324
1775862000000,75.92,75.94,75.92,75.93,7352.946
1775862900000,75.93,75.95,75.92,75.95,19702.537
1775863800000,75.94,75.95,75.93,75.93,2282.482
1775864700000,75.94,75.94,75.93,75.94,1736.885
1775865600000,75.93,75.94,75.91,75.91,8226.113
1775866500000,75.91,75.93,75.91,75.93,1585.298
1775867400000,75.92,75.94,75.92,75.94,4751.633
1775868300000,75.94,75.94,75.93,75.94,2274.594
1775869200000,75.93,75.95,75.92,75.93,11553.763
1775870100000,75.93,75.94,75.93,75.94,2688.657
1775871000000,75.93,75.94,75.93,75.93,4152.726
1775871900000,75.93,75.94,75.92,75.93,2486.302
1775872800000,75.93,75.93,75.92,75.93,2607.361
1775873700000,75.93,75.93,75.92,75.93,2344.797
1775874600000,75.93,75.94,75.92,75.94,4232.467
1775875500000,75.94,75.94,75.93,75.94,1147.538
1775876400000,75.94,75.94,75.93,75.94,2368.656
1775877300000,75.94,75.94,75.93,75.94,585.858
1775878200000,75.94,75.94,75.93,75.94,5487.86
1775879100000,75.94,75.94,75.93,75.93,3392.669
1775880000000,75.94,75.94,75.93,75.94,740.087
1775880900000,75.94,75.94,75.92,75.93,4301.435
1775881800000,75.93,75.93,75.92,75.93,4086.776
1775882700000,75.93,75.93,75.92,75.93,1065.59
1775883600000,75.93,75.93,75.92,75.93,2413.829
1775884500000,75.93,75.93,75.92,75.92,142.538
1775885400000,75.92,75.93,75.92,75.92,4093.472
1775886300000,75.93,75.93,75.92,75.92,1315.935
1775887200000,75.93,75.93,75.92,75.93,2726.062
1775888100000,75.93,75.94,75.92,75.94,6701.294
1775889000000,75.94,75.94,75.93,75.93,788.71
1775889900000,75.93,75.94,75.93,75.93,4977.333
1775890800000,75.94,75.94,75.93,75.93,3015.802
1775891700000,75.94,75.94,75.93,75.93,1154.601
1775892600000,75.94,75.94,75.92,75.92,4332.683
1775893500000,75.93,75.93,75.92,75.93,2896.445
1775894400000,75.92,75.93,75.92,75.93,3244.712
1775895300000,75.93,75.93,75.92,75.92,2873.057
1775896200000,75.93,75.93,75.92,75.93,982.331
1775897100000,75.93,75.93,75.92,75.92,4696.886
1775898000000,75.93,75.93,75.91,75.92,3570.931
1775898900000,75.92,75.94,75.91,75.93,7308.625
1775899800000,75.93,75.94,75.92,75.93,3959.39
1775900700000,75.93,75.94,75.93,75.94,2289.627
1775901600000,75.94,75.94,75.93,75.94,3225.957
1775902500000,75.94,75.94,75.93,75.93,1181.26
1775903400000,75.94,75.94,75.93,75.94,2206.251
1775904300000,75.94,75.94,75.93,75.94,2321.076
1775905200000,75.94,75.94,75.93,75.93,1115.809
1775906100000,75.93,75.94,75.93,75.93,1324.589
1775907000000,75.93,75.94,75.93,75.94,866.106
1775907900000,75.94,75.94,75.93,75.93,186.25
1775908800000,75.94,75.94,75.93,75.93,1023.242
1775909700000,75.94,75.94,75.93,75.94,148.681
1775910600000,75.93,75.94,75.93,75.93,1526.114
1775911500000,75.94,75.94,75.93,75.93,445.735
1775912400000,75.94,75.94,75.93,75.94,2282.042
1775913300000,75.93,75.94,75.93,75.94,669.342
1775914200000,75.94,75.94,75.93,75.94,1784.723
1775915100000,75.93,75.94,75.93,75.94,926.048
1775916000000,75.93,75.94,75.93,75.94,1453.102
1775916900000,75.93,75.95,75.93,75.95,12750.082
1775917800000,75.94,75.95,75.94,75.95,2402.131
1775918700000,75.94,75.95,75.94,75.95,3404.721
1775919600000,75.94,75.95,75.94,75.94,1822.173
1775920500000,75.94,75.95,75.93,75.93,11888.042
1775921400000,75.93,75.94,75.93,75.94,7474.512
1775922300000,75.93,75.94,75.93,75.94,5643.612
1775923200000,75.93,75.94,75.93,75.94,722.95
1775924100000,75.93,75.94,75.93,75.93,2286.635
1775925000000,75.93,75.94,75.92,75.93,8266.923
1775925900000,75.93,75.93,75.91,75.92,6576.034
1775926800000,75.92,75.94,75.92,75.93,7168.654
1775927700000,75.93,75.94,75.93,75.93,545.372
1775928600000,75.94,75.94,75.93,75.94,2395.596
1775929500000,75.94,75.94,75.92,75.92,1844.423
1775930400000,75.93,75.93,75.92,75.92,1587.563
1775931300000,75.92,75.93,75.92,75.93,556.732
1775932200000,75.92,75.94,75.92,75.93,15038.832
1775933100000,75.94,75.94,75.93,75.94,4196.293
1775934000000,75.93,75.94,75.92,75.94,56988.504
1775934900000,75.94,75.94,75.92,75.94,6766.595
1775935800000,75.93,75.97,75.93,75.97,5838.685
1775936700000,75.97,75.98,75.97,75.98,2753.672
1775937600000,75.98,75.98,75.92,75.94,7651.47
1775938500000,75.94,75.95,75.94,75.94,108.964
1775939400000,75.94,75.95,75.93,75.93,3265.861
1775940300000,75.93,75.94,75.93,75.93,137.525
1775941200000,75.94,75.94,75.93,75.93,841.784
1775942100000,75.93,75.94,75.93,75.94,1805.452
1775943000000,75.93,75.95,75.93,75.94,6222.932
1775943900000,75.95,75.95,75.93,75.94,626.459
1775944800000,75.94,75.94,75.93,75.94,438.066
1775945700000,75.93,75.94,75.93,75.94,2686.637
1775946600000,75.93,75.94,75.91,75.94,2783.092
1775947500000,75.93,75.94,75.93,75.93,879.156
1775948400000,75.93,75.94,75.91,75.92,2811.279
1775949300000,75.92,75.93,75.92,75.92,3248.707
1775950200000,75.92,75.93,75.92,75.92,961.882
1775951100000,75.92,75.93,75.92,75.93,2037.238
1775952000000,75.92,75.93,75.91,75.93,1657.227
1775952900000,75.93,75.93,75.92,75.93,2684.184
1775953800000,75.93,75.94,75.92,75.93,2760.231
1775954700000,75.92,75.93,75.92,75.92,974.554
1775955600000,75.93,75.93,75.92,75.93,1218.825
1775956500000,75.94,75.94,75.93,75.93,901.703
1775957400000,75.93,75.94,75.73,75.77,85740.0
1775958300000,75.77,75.85,75.69,75.74,84651.184
1775959200000,75.74,75.82,75.73,75.8,62182.598
1775960100000,75.8,75.84,75.61,75.63,71152.936
1775961000000,75.63,75.78,75.62,75.71,41808.445
1775961900000,75.72,75.81,75.71,75.78,17168.544
1775962800000,75.78,75.83,75.76,75.76,14507.141
1775963700000,75.76,75.78,75.6,75.76,55722.449
1775964600000,75.77,75.84,75.76,75.8,27449.394
1775965500000,75.81,75.85,75.79,75.81,12147.824
1775966400000,75.81,75.81,75.78,75.79,5803.37
1775967300000,75.78,75.83,75.78,75.79,12440.464
1775968200000,75.8,75.8,75.78,75.79,2621.111
1775969100000,75.79,75.79,75.76,75.77,7896.162
1775970000000,75.78,75.78,75.76,75.77,4183.432
1775970900000,75.77,75.78,75.75,75.77,8144.974
1775971800000,75.77,75.79,75.76,75.78,8561.117
1775972700000,75.78,75.79,75.76,75.77,3701.957
1775973600000,75.77,75.78,75.75,75.77,9061.217
1775974500000,75.77,75.79,75.76,75.78,6228.998
1775975400000,75.78,75.79,75.77,75.78,4566.522
1775976300000,75.78,75.79,75.76,75.76,11476.194
1775977200000,75.76,75.77,75.73,75.73,13810.259
1775978100000,75.74,75.75,75.73,75.74,6671.59
1775979000000,75.74,75.78,75.73,75.78,16777.667
1775979900000,75.78,75.81,75.78,75.8,8050.443
1775980800000,75.79,75.8,75.74,75.79,10299.536
1775981700000,75.79,75.79,75.78,75.78,4372.626
1775982600000,75.79,75.8,75.78,75.79,4749.869
1775983500000,75.79,75.79,75.77,75.79,2029.582
1775984400000,75.79,75.79,75.76,75.78,5003.875
1775985300000,75.78,75.78,75.77,75.77,2397.403
1775986200000,75.78,75.78,75.75,75.76,7684.73
1775987100000,75.76,75.77,75.75,75.76,6661.674
1775988000000,75.76,75.76,75.75,75.76,1151.335
1775988900000,75.76,75.76,75.75,75.76,3787.255
1775989800000,75.76,75.76,75.74,75.75,3832.587
1775990700000,75.76,75.76,75.74,75.76,6723.607
1775991600000,75.75,75.76,75.75,75.76,4253.789
1775992500000,75.76,75.76,75.74,75.76,2970.322
1775993400000,75.75,75.76,75.74,75.75,10013.458
1775994300000,75.75,75.77,75.75,75.77,10694.345
1775995200000,75.76,75.77,75.73,75.74,19126.976
1775996100000,75.74,75.74,75.73,75.74,1598.234
1775997000000,75.74,75.74,75.73,75.73,5226.656
1775997900000,75.73,75.74,75.57,75.57,63896.413
1775998800000,75.57,75.58,75.37,75.42,110044.493
1775999700000,75.42,75.49,75.31,75.31,34002.176
1776000600000,75.32,75.34,75.19,75.27,39188.022
1776001500000,75.27,75.38,75.23,75.26,44717.592
1776002400000,75.25,75.37,75.23,75.33,29867.741
1776003300000,75.33,75.57,75.32,75.55,57754.412
1776004200000,75.56,75.62,75.46,75.57,35798.121
1776005100000,75.58,75.58,75.55,75.57,13200.964
1776006000000,75.57,75.6,75.42,75.43,39863.455
1776006900000,75.43,75.46,75.36,75.38,24532.739
1776007800000,75.38,75.48,75.33,75.45,24758.419
1776008700000,75.45,75.58,75.44,75.57,38086.602
1776009600000,75.57,75.57,75.3,75.35,49707.301
1776010500000,75.35,75.4,75.33,75.38,18917.692
1776011400000,75.37,75.41,75.35,75.39,9843.657
1776012300000,75.39,75.41,75.29,75.38,21839.33
1776013200000,75.37,75.39,75.34,75.35,9422.107
1776014100000,75.35,75.38,75.28,75.32,18923.624
1776015000000,75.32,75.34,75.31,75.33,4666.415
1776015900000,75.33,75.33,75.31,75.32,9360.594
1776016800000,75.32,75.37,75.31,75.35,15544.908
1776017700000,75.35,75.36,75.29,75.29,12301.952
1776018600000,75.3,75.31,75.25,75.27,5738.343
1776019500000,75.26,75.28,75.22,75.25,4581.598
1776020400000,75.25,75.32,75.24,75.32,8735.293
1776021300000,75.31,75.37,75.3,75.37,9455.073
1776022200000,75.36,75.43,75.36,75.4,15469.428
1776023100000,75.4,75.43,75.37,75.38,17669.222
1776024000000,75.37,75.37,74.9,74.94,94285.131
1776024900000,74.94,75.04,74.75,74.93,33906.797
1776025800000,74.93,75.0,74.93,74.98,17258.348
1776026700000,74.97,74.97,74.83,74.87,21838.012
1776027600000,74.87,74.9,74.8,74.81,14325.283
1776028500000,74.82,74.9,74.8,74.82,9083.155
1776029400000,74.83,74.88,74.74,74.75,16454.547
1776030300000,74.75,74.89,74.56,74.69,47494.667
1776031200000,74.7,74.86,73.39,73.49,1108220.58
1776032100000,73.49,73.78,72.81,73.12,545758.69
1776033000000,73.13,73.59,73.06,73.55,263675.91
1776033900000,73.55,73.74,73.52,73.7,113341.515
1776034800000,73.71,73.71,73.49,73.53,132604.988
1776035700000,73.54,73.56,73.03,73.52,157988.3
1776036600000,73.52,73.67,73.38,73.55,139510.688
1776037500000,73.56,74.07,73.5,73.94,190774.234
1776038400000,73.93,74.09,73.77,74.08,220354.43
1776039300000,74.08,74.12,73.83,73.9,146159.718
1776040200000,73.89,74.09,73.84,73.95,110685.986
1776041100000,73.95,74.59,73.94,74.54,192180.092
1776042000000,74.54,74.81,74.38,74.58,402191.76
1776042900000,74.57,74.61,74.39,74.49,171628.465
1776043800000,74.48,74.6,74.32,74.37,121983.709
1776044700000,74.37,74.49,74.25,74.41,114750.712
1776045600000,74.41,74.55,74.31,74.38,89090.031
1776046500000,74.37,74.39,74.25,74.31,53319.666
1776047400000,74.31,74.53,74.28,74.33,91111.618
1776048300000,74.32,74.39,74.04,74.36,107580.287
1776049200000,74.36,74.43,74.15,74.16,93693.064
1776050100000,74.15,74.37,74.14,74.32,39269.253
1776051000000,74.31,74.57,74.31,74.53,48927.241
1776051900000,74.53,74.53,74.38,74.45,46532.491
1776052800000,74.46,74.48,74.23,74.36,95338.558
1776053700000,74.37,74.43,74.25,74.32,64607.727
1776054600000,74.33,74.46,74.23,74.44,61234.773
1776055500000,74.45,74.53,74.33,74.51,59172.36
1776056400000,74.5,74.55,74.36,74.39,55162.032
1776057300000,74.39,74.47,74.34,74.41,26471.284
1776058200000,74.42,74.57,74.26,74.46,129813.608
1776059100000,74.47,74.7,74.47,74.7,99450.892
1776060000000,74.7,74.74,74.41,74.45,131423.514
1776060900000,74.45,74.57,74.45,74.57,41307.125
1776061800000,74.57,74.59,74.4,74.49,39326.376
1776062700000,74.49,74.54,74.4,74.46,42552.744
1776063600000,74.47,74.79,74.37,74.45,152132.411
1776064500000,74.45,74.64,74.42,74.58,73987.003
1776065400000,74.58,74.67,74.52,74.65,54678.93
1776066300000,74.66,74.83,74.64,74.74,150167.411
1776067200000,74.74,74.91,74.67,74.69,105719.173
1776068100000,74.69,74.72,74.62,74.66,68475.301
1776069000000,74.66,74.75,74.4,74.44,103804.939
1776069900000,74.44,74.57,74.39,74.43,59248.445
1776070800000,74.43,74.57,74.27,74.32,114527.522
1776071700000,74.31,74.42,74.27,74.27,62332.284
1776072600000,74.28,74.42,74.26,74.36,57665.233
1776073500000,74.36,74.45,74.29,74.4,49606.708
1776074400000,74.39,74.45,74.31,74.4,35616.26
1776075300000,74.4,74.4,74.15,74.25,90608.029
1776076200000,74.25,74.38,74.21,74.35,40502.52
1776077100000,74.37,74.43,74.31,74.42,48945.23
1776078000000,74.43,74.56,74.2,74.29,131421.985
1776078900000,74.28,74.3,74.1,74.2,75488.184
1776079800000,74.19,74.27,74.04,74.15,107819.798
1776080700000,74.15,74.22,74.02,74.07,124474.069
1776081600000,74.07,74.32,73.98,74.28,156807.469
1776082500000,74.29,74.34,73.89,73.94,87891.404
1776083400000,73.94,74.0,73.7,73.78,163780.225
1776084300000,73.77,74.11,73.77,73.95,117704.327
1776085200000,73.95,74.18,73.81,74.08,202281.947
1776086100000,74.07,74.27,74.01,74.26,91109.781
1776087000000,74.26,74.33,73.95,74.04,178853.936
1776087900000,74.05,74.51,73.64,74.31,422103.154
1776088800000,74.31,74.35,74.12,74.35,108360.648
1776089700000,74.35,74.35,73.92,74.07,184885.402
1776090600000,74.08,74.31,73.96,74.31,138450.057
1776091500000,74.3,74.33,73.83,74.15,165367.905
1776092400000,74.15,74.17,73.78,73.94,182866.224
1776093300000,73.95,74.07,73.88,73.9,80432.973
1776094200000,73.9,74.23,73.86,74.12,132498.687
1776095100000,74.11,74.2,74.07,74.15,46407.397
1776096000000,74.16,74.41,74.06,74.28,110672.073
1776096900000,74.29,75.19,74.29,75.12,297384.065
1776097800000,75.12,75.92,75.08,75.7,595504.742
1776098700000,75.7,75.72,75.26,75.38,240170.853
1776099600000,75.38,75.51,75.19,75.4,122475.141
1776100500000,75.4,75.67,75.38,75.46,160127.038
1776101400000,75.45,75.54,75.36,75.46,55981.072
1776102300000,75.46,75.51,75.24,75.24,58124.573
1776103200000,75.24,75.37,75.06,75.1,82524.469
1776104100000,75.09,75.16,74.97,75.1,105184.074
1776105000000,75.09,75.37,75.07,75.34,42170.324
1776105900000,75.33,75.63,75.33,75.56,83428.852
1776106800000,75.55,75.57,75.37,75.47,52168.82
1776107700000,75.47,75.64,75.46,75.6,53735.865
1776108600000,75.6,75.7,75.49,75.52,66997.573
1776109500000,75.52,75.67,75.45,75.53,179374.075
1776110400000,75.52,75.61,75.5,75.55,34589.589
1776111300000,75.56,75.61,75.49,75.51,30324.513
1776112200000,75.5,75.58,75.44,75.56,26913.699
1776113100000,75.57,75.64,75.53,75.6,46545.845
1776114000000,75.6,75.62,75.56,75.59,11658.683
1776114900000,75.59,75.59,75.54,75.56,10551.757
1776115800000,75.55,75.59,75.47,75.51,35364.24
1776116700000,75.51,75.6,75.5,75.59,5821.924
1776117600000,75.58,75.83,75.58,75.71,183213.416
1776118500000,75.71,75.83,75.67,75.72,117570.99
1776119400000,75.72,75.74,75.64,75.72,73213.408
1776120300000,75.72,75.9,75.67,75.89,85921.134
1776121200000,75.89,76.08,75.85,75.91,161502.491
1776122100000,75.91,75.94,75.76,75.78,73148.446
1776123000000,75.78,75.89,75.71,75.83,52668.083
1776123900000,75.82,75.88,75.75,75.77,61272.918
1776124800000,75.77,75.77,75.44,75.67,142889.494
1776125700000,75.67,75.99,75.66,75.92,161844.63
1776126600000,75.92,76.16,75.88,75.99,170458.788
1776127500000,75.98,76.02,75.89,75.99,86541.984
1776128400000,75.99,76.34,75.79,76.32,524925.244
1776129300000,76.32,76.34,76.02,76.07,160943.033
1776130200000,76.06,76.18,75.93,76.15,97732.53
1776131100000,76.14,76.16,75.79,75.85,122805.697
1776132000000,75.85,76.06,75.82,76.01,98718.025
1776132900000,76.01,76.26,76.01,76.24,78632.747
1776133800000,76.24,76.52,76.06,76.5,203609.651
1776134700000,76.49,76.78,76.48,76.71,148879.711
1776135600000,76.72,76.78,76.6,76.77,117076.514
1776136500000,76.76,76.81,76.66,76.69,90193.101
1776137400000,76.68,76.85,76.64,76.79,49658.821
1776138300000,76.79,77.05,76.78,76.93,84877.346
1776139200000,76.93,76.98,76.83,76.88,93449.054
1776140100000,76.88,77.05,76.87,76.99,58057.307
1776141000000,76.99,77.09,76.92,77.06,65599.853
1776141900000,77.07,77.22,77.06,77.18,91280.959
1776142800000,77.18,77.19,76.93,77.0,64483.921
1776143700000,77.01,77.17,76.95,76.99,58129.348
1776144600000,76.98,77.0,76.54,76.7,178844.728
1776145500000,76.69,76.82,76.65,76.71,42881.038
1776146400000,76.7,76.98,76.7,76.91,62132.182
1776147300000,76.91,77.0,76.85,76.92,63497.481
1776148200000,76.92,76.92,76.78,76.92,63575.582
1776149100000,76.91,77.54,76.9,77.54,213185.082
1776150000000,77.55,78.03,77.46,77.78,483944.976
1776150900000,77.79,77.84,77.44,77.53,159796.914
1776151800000,77.53,77.69,77.46,77.64,96244.98
1776152700000,77.63,77.79,77.6,77.74,118162.426
1776153600000,77.73,77.77,77.59,77.69,141612.622
1776154500000,77.69,77.92,77.6,77.9,81683.99
1776155400000,77.89,78.06,77.81,77.9,131962.732
1776156300000,77.89,78.11,77.87,78.1,72667.436
1776157200000,78.11,78.17,77.89,77.96,124995.932
1776158100000,77.96,78.01,77.8,77.8,60656.914
1776159000000,77.8,77.89,77.65,77.82,92563.82
1776159900000,77.82,77.87,77.72,77.78,40558.381
1776160800000,77.78,77.86,77.7,77.84,59327.748
1776161700000,77.83,77.95,77.76,77.79,60269.25
1776162600000,77.78,77.82,77.36,77.6,248886.364
1776163500000,77.61,77.75,77.54,77.54,56634.606
1776164400000,77.54,77.57,77.36,77.5,191128.341
1776165300000,77.5,77.7,77.47,77.62,70412.409
1776166200000,77.63,77.64,77.43,77.55,64585.85
1776167100000,77.56,77.76,77.4,77.6,188743.345
1776168000000,77.61,77.82,77.51,77.53,129820.096
1776168900000,77.52,77.6,77.22,77.44,137310.644
1776169800000,77.44,77.77,77.44,77.57,150248.131
1776170700000,77.57,77.65,77.3,77.55,98956.462
1776171600000,77.55,77.88,77.51,77.88,147699.411
1776172500000,77.87,78.15,77.76,77.77,238607.362
1776173400000,77.78,78.41,77.71,78.05,395207.312
1776174300000,78.04,78.38,77.98,78.33,201401.978
1776175200000,78.32,78.98,78.32,78.8,416116.674
1776176100000,78.8,79.13,78.73,79.09,250919.011
1776177000000,79.1,79.39,78.96,78.97,400172.337
1776177900000,78.97,79.24,78.9,79.1,142458.363
1776178800000,79.1,79.1,78.6,78.66,223261.198
1776179700000,78.67,79.04,78.64,78.95,174498.111
1776180600000,78.95,79.3,78.95,79.26,187689.709
1776181500000,79.27,79.3,79.11,79.13,132791.261
1776182400000,79.13,79.53,79.07,79.3,232474.253
1776183300000,79.3,79.55,79.27,79.49,172073.166
1776184200000,79.5,79.56,79.3,79.42,129216.993
1776185100000,79.42,79.49,79.06,79.1,154677.882
1776186000000,79.1,79.38,79.06,79.23,237276.748
1776186900000,79.22,79.49,79.15,79.37,166326.398
1776187800000,79.38,79.63,79.38,79.54,153050.217
1776188700000,79.54,79.59,79.32,79.36,57322.141
1776189600000,79.36,79.38,79.2,79.24,107999.946
1776190500000,79.25,79.29,78.97,79.19,154147.635
1776191400000,79.19,79.34,79.11,79.13,47457.97
1776192300000,79.13,79.3,79.07,79.28,52137.573
1776193200000,79.27,79.44,79.27,79.29,40524.18
1776194100000,79.29,79.42,79.22,79.35,79087.619
1776195000000,79.35,79.51,79.32,79.5,68400.127
1776195900000,79.5,79.62,79.4,79.57,79776.066
1776196800000,79.57,79.69,79.57,79.63,50648.132
1776197700000,79.64,79.69,79.56,79.58,19733.284
1776198600000,79.58,79.66,79.57,79.66,42506.309
1776199500000,79.65,79.68,79.48,79.49,34909.225
1776200400000,79.49,79.63,79.47,79.61,27702.683
1776201300000,79.61,79.66,79.56,79.61,16706.319
1776202200000,79.6,79.61,79.41,79.47,34012.332
1776203100000,79.47,79.65,79.45,79.61,10285.58
1776204000000,79.6,79.7,79.35,79.58,139009.415
1776204900000,79.58,79.65,79.44,79.45,67932.656
1776205800000,79.44,79.53,79.39,79.48,40037.327
1776206700000,79.48,79.48,79.32,79.35,45305.296
1776207600000,79.36,79.56,79.33,79.41,36658.616
1776208500000,79.41,79.53,79.37,79.48,43322.901
1776209400000,79.48,79.82,79.44,79.73,126542.472
1776210300000,79.73,79.78,79.49,79.52,85127.225
1776211200000,79.52,79.55,79.33,79.45,89756.156
1776212100000,79.45,79.63,79.39,79.61,80949.962
1776213000000,79.61,79.61,79.44,79.5,75118.574
1776213900000,79.51,79.74,79.51,79.71,56266.357
1776214800000,79.72,80.17,79.42,80.12,552016.367
1776215700000,80.12,80.76,80.03,80.54,439041.659
1776216600000,80.54,80.57,80.21,80.31,239869.545
1776217500000,80.32,80.58,80.25,80.53,170249.069
1776218400000,80.52,81.03,80.44,80.75,282734.938
1776219300000,80.76,80.77,80.32,80.39,133180.668
1776220200000,80.39,80.48,80.01,80.35,545573.419
1776221100000,80.34,80.43,79.87,79.96,302388.049
1776222000000,79.96,80.21,79.8,80.11,217440.425
1776222900000,80.11,80.21,79.92,80.04,106381.322
1776223800000,80.04,80.22,80.04,80.16,71628.474
1776224700000,80.15,80.18,79.89,79.91,60892.943
1776225600000,79.91,80.03,79.83,80.0,60132.674
1776226500000,79.99,80.02,79.81,79.89,61476.815
1776227400000,79.88,79.95,79.75,79.79,43213.383
1776228300000,79.78,79.88,79.71,79.85,38443.568
1776229200000,79.85,79.99,79.74,79.9,131391.764
1776230100000,79.91,79.98,79.71,79.74,102135.627
1776231000000,79.74,79.75,79.06,79.2,351061.585
1776231900000,79.2,79.5,79.11,79.45,234836.107
1776232800000,79.46,79.64,79.45,79.57,129787.459
1776233700000,79.57,79.58,79.22,79.27,92831.573
1776234600000,79.26,79.44,79.19,79.44,138574.762
1776235500000,79.45,79.59,79.19,79.23,115992.892
1776236400000,79.23,79.37,79.11,79.33,126890.339
1776237300000,79.33,79.49,79.12,79.4,157884.666
1776238200000,79.39,79.51,79.24,79.35,114880.248
1776239100000,79.34,79.34,79.12,79.26,107165.965
1776240000000,79.25,79.31,79.05,79.21,136931.891
1776240900000,79.22,79.32,79.11,79.21,70500.233
1776241800000,79.21,79.26,79.13,79.15,79726.563
1776242700000,79.15,79.38,79.11,79.34,75614.472
1776243600000,79.33,79.4,78.59,78.88,358862.978
1776244500000,78.87,78.88,78.64,78.66,193069.582
1776245400000,78.66,78.75,78.57,78.6,217056.918
1776246300000,78.6,78.67,78.25,78.5,292862.576
1776247200000,78.5,78.82,78.4,78.8,124250.322
1776248100000,78.8,78.8,78.43,78.57,174291.767
1776249000000,78.57,78.67,78.46,78.66,72315.341
1776249900000,78.65,78.85,78.59,78.79,108219.425
1776250800000,78.78,78.85,78.54,78.83,104638.978
1776251700000,78.82,78.84,78.68,78.7,54247.813
1776252600000,78.71,78.83,78.66,78.79,57183.296
1776253500000,78.79,79.14,78.68,79.08,269531.695
1776254400000,79.08,79.14,78.78,78.91,167255.932
1776255300000,78.92,79.05,78.8,78.88,153569.408
1776256200000,78.87,78.93,78.6,78.69,119572.62
1776257100000,78.69,78.76,78.59,78.64,95620.805
1776258000000,78.65,79.39,78.64,79.35,306785.631
1776258900000,79.36,79.56,79.2,79.5,151199.918
1776259800000,79.5,79.77,79.27,79.58,326496.998
1776260700000,79.58,80.03,79.56,80.03,229297.75
1776261600000,80.03,80.39,79.98,80.38,318575.951
1776262500000,80.38,80.55,80.19,80.29,261740.091
1776263400000,80.3,80.31,79.89,80.07,272284.448
1776264300000,80.06,80.11,79.96,80.02,145486.582
1776265200000,80.02,80.03,79.46,79.83,302968.705
1776266100000,79.84,79.84,79.25,79.27,207841.846
1776267000000,79.27,79.53,78.84,79.44,351522.113
1776267900000,79.43,79.55,79.24,79.34,92123.77
1776268800000,79.34,79.71,79.31,79.65,106942.958
1776269700000,79.64,79.68,79.47,79.55,91374.151
1776270600000,79.56,79.61,79.21,79.26,72274.149
1776271500000,79.25,79.37,79.13,79.33,90093.943
1776272400000,79.33,79.35,79.07,79.09,84110.189
1776273300000,79.08,79.52,79.08,79.42,92952.05
1776274200000,79.41,79.56,79.17,79.25,95977.106
1776275100000,79.25,79.33,79.1,79.11,44252.172
1776276000000,79.12,79.35,79.04,79.27,110101.008
1776276900000,79.26,79.34,79.19,79.24,42670.476
1776277800000,79.25,79.32,79.15,79.21,26381.85
1776278700000,79.21,79.42,79.21,79.34,51500.964
1776279600000,79.34,79.46,79.28,79.29,37478.946
1776280500000,79.29,79.54,79.26,79.54,89116.348
1776281400000,79.54,79.57,79.35,79.41,85556.671
1776282300000,79.4,79.57,79.4,79.43,41523.537
1776283200000,79.44,79.46,79.14,79.25,69478.726
1776284100000,79.25,79.27,79.18,79.22,25518.049
1776285000000,79.21,79.22,79.08,79.1,33496.113
1776285900000,79.11,79.16,78.93,79.02,43827.597
1776286800000,79.02,79.05,78.98,79.05,15096.821
1776287700000,79.05,79.09,78.93,78.96,73384.391
1776288600000,78.97,79.05,78.88,78.95,62879.454
1776289500000,78.94,79.07,78.92,79.01,43320.505
1776290400000,79.02,79.27,78.98,79.15,214023.138
1776291300000,79.15,79.31,79.14,79.31,32418.479
1776292200000,79.31,79.38,79.29,79.32,24589.253
1776293100000,79.32,79.45,79.31,79.4,42156.979
1776294000000,79.4,79.47,79.38,79.44,15879.356
1776294900000,79.43,79.48,79.42,79.45,38641.366
1776295800000,79.45,79.62,79.44,79.6,51006.651
1776296700000,79.59,79.63,79.51,79.52,20798.52
1776297600000,79.53,79.97,79.53,79.93,100942.267
1776298500000,79.92,80.04,79.8,79.83,99297.899
1776299400000,79.83,80.19,79.83,80.04,83313.838
1776300300000,80.04,80.3,80.01,80.17,107981.067
1776301200000,80.17,80.5,80.09,80.39,241794.271
1776302100000,80.4,80.53,80.21,80.37,156578.233
1776303000000,80.38,80.48,79.96,80.13,137087.047
1776303900000,80.13,80.33,80.08,80.12,94044.169
1776304800000,80.13,80.36,79.98,80.22,144848.532
1776305700000,80.22,80.32,80.16,80.19,100238.504
1776306600000,80.19,80.27,79.99,80.15,116129.771
1776307500000,80.15,80.45,80.12,80.37,96144.032
1776308400000,80.37,80.53,80.35,80.53,95312.987
1776309300000,80.52,80.57,80.4,80.45,74255.748
1776310200000,80.46,80.64,80.31,80.32,71494.64
1776311100000,80.33,80.49,80.32,80.37,29021.254
1776312000000,80.37,80.47,80.31,80.44,34750.262
1776312900000,80.44,80.57,80.4,80.41,37164.391
1776313800000,80.41,80.62,80.38,80.53,57959.069
1776314700000,80.53,80.67,80.49,80.67,58614.08
1776315600000,80.67,80.78,80.64,80.66,77894.467
1776316500000,80.66,80.75,80.61,80.74,60721.402
1776317400000,80.74,80.86,80.33,80.36,164014.157
1776318300000,80.37,80.52,80.35,80.4,59358.167
1776319200000,80.4,80.59,80.38,80.48,87033.908
1776320100000,80.48,80.49,80.27,80.32,80387.832
1776321000000,80.31,80.38,80.19,80.3,72605.546
1776321900000,80.3,80.49,80.28,80.34,63783.834
1776322800000,80.34,80.45,80.15,80.17,87924.507
1776323700000,80.17,80.35,80.09,80.3,143401.679
1776324600000,80.29,80.35,80.19,80.29,48675.034
1776325500000,80.29,80.3,80.06,80.12,48966.496
1776326400000,80.12,80.17,79.65,79.86,275892.033
1776327300000,79.85,79.93,79.66,79.76,108544.014
1776328200000,79.76,79.84,79.67,79.79,71203.462
1776329100000,79.79,79.85,79.68,79.78,65512.691
1776330000000,79.79,79.9,79.74,79.75,64066.487
1776330900000,79.75,79.78,79.56,79.64,101750.183
1776331800000,79.64,79.69,79.47,79.65,96885.593
1776332700000,79.65,79.67,79.54,79.59,49733.575
1776333600000,79.6,79.66,79.49,79.5,54368.449
1776334500000,79.5,79.66,79.43,79.57,64392.078
1776335400000,79.57,79.69,79.53,79.6,80035.926
1776336300000,79.59,79.85,79.44,79.82,88675.449
1776337200000,79.82,79.85,79.64,79.77,87572.529
1776338100000,79.77,79.8,79.58,79.63,75605.281
1776339000000,79.63,79.73,79.51,79.58,56578.839
1776339900000,79.57,79.74,79.48,79.71,77117.128
1776340800000,79.72,79.75,79.44,79.57,96443.552
1776341700000,79.57,79.58,79.19,79.26,90933.262
1776342600000,79.25,79.38,79.03,79.13,190603.487
1776343500000,79.13,79.35,79.08,79.27,82270.064
1776344400000,79.27,79.7,79.27,79.43,214307.738
1776345300000,79.42,79.62,79.4,79.49,99980.164
1776346200000,79.49,79.79,79.39,79.52,245285.983
1776347100000,79.52,79.65,78.28,78.7,616316.746
1776348000000,78.69,78.93,78.12,78.83,605379.19
1776348900000,78.84,78.91,78.41,78.73,366177.812
1776349800000,78.74,78.79,78.15,78.54,341697.29
1776350700000,78.53,78.7,78.44,78.55,118320.513
1776351600000,78.54,79.18,78.53,78.99,250335.128
1776352500000,78.99,79.1,78.71,78.71,193400.475
1776353400000,78.71,78.96,78.58,78.83,307115.487
1776354300000,78.83,79.02,78.74,78.96,122431.662
1776355200000,78.97,79.06,78.87,78.93,84655.953
1776356100000,78.92,78.99,78.72,78.77,72178.945
1776357000000,78.77,78.82,78.35,78.57,231016.223
1776357900000,78.57,78.69,78.49,78.62,66509.731
1776358800000,78.62,78.76,78.54,78.55,88472.534
1776359700000,78.56,78.72,78.4,78.4,88110.864
1776360600000,78.41,78.48,78.24,78.36,100235.24
1776361500000,78.36,78.41,78.2,78.36,110534.887
1776362400000,78.36,78.56,78.3,78.43,102635.266
1776363300000,78.43,78.52,78.36,78.41,51385.038
1776364200000,78.42,78.6,78.41,78.57,42039.897
1776365100000,78.57,78.66,78.51,78.57,61431.726
1776366000000,78.57,78.75,78.57,78.62,39074.51
1776366900000,78.63,78.77,78.61,78.61,24570.59
1776367800000,78.61,78.81,78.61,78.78,32312.39
1776368700000,78.79,78.84,78.68,78.77,52625.382
1776369600000,78.77,78.78,78.59,78.61,39482.458
1776370500000,78.6,78.63,78.48,78.51,21735.177
1776371400000,78.51,78.55,78.44,78.53,17276.508
1776372300000,78.53,78.57,78.42,78.46,29816.119
1776373200000,78.47,78.54,78.43,78.5,63505.979
1776374100000,78.5,78.52,78.42,78.45,84135.192
1776375000000,78.44,78.51,78.42,78.51,20871.772
1776375900000,78.5,78.53,78.42,78.51,27453.217
1776376800000,78.5,78.85,78.33,78.81,198769.156
1776377700000,78.81,78.85,78.74,78.81,29821.649
1776378600000,78.81,78.87,78.73,78.86,32471.218
1776379500000,78.85,78.91,78.83,78.87,27320.486
1776380400000,78.86,78.87,78.77,78.77,16276.228
1776381300000,78.78,78.89,78.76,78.82,18677.217
1776382200000,78.82,78.89,78.74,78.85,27209.257
1776383100000,78.85,78.89,78.73,78.73,20393.978
1776384000000,78.72,78.74,78.52,78.63,63858.825
1776384900000,78.62,78.75,78.56,78.71,36751.392
1776385800000,78.71,78.87,78.7,78.82,43527.92
1776386700000,78.83,78.91,78.76,78.77,36453.735
1776387600000,78.77,78.83,77.78,78.18,260743.254
1776388500000,78.17,78.4,77.81,77.91,209246.357
1776389400000,77.91,78.22,77.86,78.2,189256.903
1776390300000,78.2,78.51,78.15,78.44,152140.16
1776391200000,78.44,78.54,78.32,78.41,75612.166
1776392100000,78.41,78.44,78.3,78.3,28738.288
1776393000000,78.31,78.61,78.3,78.49,95022.46
1776393900000,78.49,78.63,78.35,78.36,60435.295
1776394800000,78.37,79.1,78.36,79.02,251557.859
1776395700000,79.03,79.22,78.95,78.95,97773.392
1776396600000,78.95,79.0,78.79,78.89,72706.454
1776397500000,78.88,79.02,78.88,78.9,24856.666
1776398400000,78.9,79.07,78.88,79.04,37799.681
1776399300000,79.04,79.09,78.99,79.05,25689.036
1776400200000,79.06,79.29,79.02,79.28,51775.026
1776401100000,79.28,79.28,79.1,79.15,39551.41
1776402000000,79.15,79.17,78.99,79.11,37738.116
1776402900000,79.11,79.18,79.03,79.11,31802.53
1776403800000,79.1,79.18,78.9,79.05,85765.983
1776404700000,79.06,79.2,78.95,78.96,64241.878
1776405600000,78.96,79.04,78.73,78.75,93562.951
1776406500000,78.75,78.85,78.65,78.67,77690.215
1776407400000,78.67,78.71,78.54,78.67,109832.526
1776408300000,78.67,78.74,78.61,78.67,60169.834
1776409200000,78.68,78.84,78.67,78.73,46442.106
1776410100000,78.73,78.86,78.61,78.83,95496.438
1776411000000,78.82,78.93,78.72,78.9,60942.596
1776411900000,78.9,78.96,78.78,78.93,56771.132
1776412800000,78.93,79.1,78.93,79.01,58400.32
1776413700000,79.0,79.07,78.95,79.0,59967.521
1776414600000,79.01,79.45,79.01,79.45,131305.068
1776415500000,79.44,79.53,79.31,79.52,107653.131
1776416400000,79.53,79.79,79.51,79.6,113963.309
1776417300000,79.6,79.8,79.58,79.74,93951.131
1776418200000,79.74,79.83,79.67,79.71,71509.768
1776419100000,79.71,79.72,79.61,79.62,53179.355
1776420000000,79.61,79.63,79.46,79.58,86689.7
1776420900000,79.57,79.64,79.45,79.46,67112.321
1776421800000,79.46,79.46,79.26,79.3,98500.771
1776422700000,79.29,79.4,79.26,79.36,71219.388
1776423600000,79.36,79.44,79.16,79.2,99294.364
1776424500000,79.19,79.3,79.13,79.3,36769.299
1776425400000,79.3,79.47,79.3,79.46,31288.348
1776426300000,79.47,79.68,79.47,79.64,120359.95
1776427200000,79.65,79.88,79.62,79.8,180161.342
1776428100000,79.8,80.17,79.74,80.14,327803.244
1776429000000,80.15,80.32,80.08,80.24,248631.372
1776429900000,80.23,81.67,80.18,81.62,1137442.861
1776430800000,81.62,82.4,81.14,82.06,1049558.64
1776431700000,82.06,82.06,81.39,81.64,464419.306
1776432600000,81.65,82.21,81.54,82.0,481981.968
1776433500000,82.01,82.46,81.59,82.35,486685.601
1776434400000,82.36,82.51,82.01,82.06,273932.385
1776435300000,82.07,82.73,82.07,82.51,223140.858
1776436200000,82.51,83.06,82.45,82.95,313878.867
1776437100000,82.95,83.06,82.69,82.7,200031.249
1776438000000,82.71,82.9,82.4,82.63,285092.56
1776438900000,82.64,82.76,82.19,82.22,266621.482
1776439800000,82.22,82.48,82.07,82.17,190569.421
1776440700000,82.18,82.49,82.11,82.32,141401.726
1776441600000,82.32,82.57,82.18,82.48,135669.105
1776442500000,82.47,82.52,82.26,82.27,88139.7
1776443400000,82.28,82.51,82.28,82.38,57286.774
1776444300000,82.39,82.42,82.21,82.29,68022.204
1776445200000,82.28,82.37,81.91,82.02,193696.999
1776446100000,82.02,82.08,81.42,81.57,267039.673
1776447000000,81.57,81.73,81.46,81.48,99760.296
1776447900000,81.48,81.85,81.47,81.84,68109.91
1776448800000,81.84,81.96,81.71,81.73,48765.637
1776449700000,81.74,82.11,81.72,81.88,71014.815
1776450600000,81.88,81.97,81.75,81.84,25383.158
1776451500000,81.85,81.85,81.53,81.6,38060.691
1776452400000,81.59,81.6,81.35,81.48,50506.25
1776453300000,81.48,81.69,81.2,81.32,90117.101
1776454200000,81.33,81.58,81.31,81.53,30095.467
1776455100000,81.53,81.53,81.31,81.41,52190.591
1776456000000,81.41,81.45,81.16,81.24,59233.021
1776456900000,81.24,81.29,81.17,81.2,87531.304
1776457800000,81.2,81.32,81.11,81.13,51617.599
1776458700000,81.14,81.17,80.88,80.92,110816.554
1776459600000,80.92,80.97,80.89,80.9,30863.991
1776460500000,80.9,80.98,80.86,80.91,41385.075
1776461400000,80.91,80.94,80.9,80.94,15191.504
1776462300000,80.94,80.94,80.85,80.92,14910.813
1776463200000,80.92,80.94,80.87,80.91,17849.648
1776464100000,80.9,80.91,80.87,80.89,18512.684
1776465000000,80.89,80.9,80.88,80.89,3513.284
1776465900000,80.88,80.89,80.86,80.88,11153.518
1776466800000,80.87,80.94,80.87,80.93,29461.496
1776467700000,80.93,80.94,80.91,80.94,7101.684
1776468600000,80.93,80.99,80.93,80.99,25917.12
1776469500000,80.98,81.01,80.97,80.97,10557.527
1776470400000,80.97,80.98,80.95,80.97,5526.084
1776471300000,80.97,80.98,80.93,80.96,15042.46
1776472200000,80.95,80.96,80.91,80.91,9993.673
1776473100000,80.92,80.94,80.91,80.92,2999.287
1776474000000,80.92,80.93,80.89,80.89,8510.631
1776474900000,80.9,80.9,80.85,80.87,18888.445
1776475800000,80.87,80.89,80.86,80.88,6940.297
1776476700000,80.89,80.9,80.86,80.87,12722.85
1776477600000,80.87,80.87,80.86,80.87,2213.536
1776478500000,80.87,80.89,80.86,80.88,1428.747
1776479400000,80.88,80.89,80.88,80.89,3324.602
1776480300000,80.88,80.89,80.88,80.88,1472.004
1776481200000,80.89,80.89,80.88,80.89,2939.603
1776482100000,80.88,80.89,80.88,80.89,2998.756
1776483000000,80.88,80.89,80.87,80.88,8115.371
1776483900000,80.87,80.88,80.87,80.88,3326.208
1776484800000,80.88,80.9,80.87,80.89,5225.808
1776485700000,80.9,80.9,80.89,80.89,1458.752
1776486600000,80.89,80.91,80.89,80.89,5712.584
1776487500000,80.89,80.9,80.89,80.9,707.157
1776488400000,80.9,80.9,80.89,80.89,2511.635
1776489300000,80.89,80.9,80.89,80.89,3562.222
1776490200000,80.89,80.9,80.89,80.9,1009.187
1776491100000,80.89,80.9,80.89,80.9,1239.112
1776492000000,80.9,80.92,80.89,80.91,5824.035
1776492900000,80.92,80.93,80.9,80.91,7920.193
1776493800000,80.9,80.94,80.9,80.93,5197.947
1776494700000,80.94,80.94,80.91,80.91,6129.619
1776495600000,80.92,80.92,80.9,80.91,1174.617
1776496500000,80.9,80.91,80.9,80.9,2753.028
1776497400000,80.91,80.91,80.89,80.9,3508.854
1776498300000,80.91,80.93,80.9,80.93,5194.888
1776499200000,80.92,80.93,80.92,80.92,2738.824
1776500100000,80.92,80.93,80.88,80.89,12694.722
1776501000000,80.89,80.93,80.85,80.85,24267.25
1776501900000,80.85,80.91,80.85,80.88,21674.587
1776502800000,80.88,80.89,80.83,80.83,10086.058
1776503700000,80.83,80.88,80.82,80.86,12153.253
1776504600000,80.86,80.88,80.84,80.85,7104.896
1776505500000,80.85,80.87,80.83,80.86,8114.515
1776506400000,80.86,80.88,80.81,80.83,15795.89
1776507300000,80.82,80.86,80.82,80.84,2997.991
1776508200000,80.84,80.85,80.78,80.78,13802.103
1776509100000,80.79,80.79,80.74,80.77,16545.661
1776510000000,80.77,80.84,80.77,80.82,24776.853
1776510900000,80.82,80.83,80.73,80.74,15888.028
1776511800000,80.74,80.8,80.72,80.76,37123.937
1776512700000,80.77,80.79,80.73,80.76,13668.564
1776513600000,80.76,80.79,80.73,80.74,14739.773
1776514500000,80.73,80.78,80.71,80.76,13092.977
1776515400000,80.77,80.81,80.73,80.74,14181.401
1776516300000,80.74,80.79,80.74,80.77,3964.347
1776517200000,80.78,80.8,80.76,80.77,5691.189
1776518100000,80.78,80.78,80.76,80.77,2785.473
1776519000000,80.77,80.78,80.75,80.75,2529.338
1776519900000,80.75,80.8,80.75,80.8,7340.175
1776520800000,80.8,80.8,80.78,80.78,5786.008
1776521700000,80.79,80.79,80.78,80.78,2439.251
1776522600000,80.78,80.79,80.77,80.77,3527.385
1776523500000,80.78,80.79,80.77,80.78,4443.841
1776524400000,80.79,80.79,80.77,80.78,1894.769
1776525300000,80.77,80.78,80.77,80.77,1290.768
1776526200000,80.77,80.77,80.75,80.75,2758.245
1776527100000,80.76,80.78,80.75,80.77,5668.242
1776528000000,80.77,80.78,80.75,80.76,9882.103
1776528900000,80.77,80.77,80.73,80.76,8042.32
1776529800000,80.77,80.77,80.75,80.75,1681.259
1776530700000,80.76,80.76,80.75,80.75,538.071
1776531600000,80.75,80.77,80.73,80.73,4722.16
1776532500000,80.73,80.75,80.73,80.75,2579.517
1776533400000,80.74,80.79,80.74,80.77,15334.884
1776534300000,80.77,80.78,80.77,80.78,2142.292
1776535200000,80.77,80.78,80.75,80.77,2687.615
1776536100000,80.77,80.77,80.74,80.76,2550.454
1776537000000,80.76,80.76,80.71,80.72,17448.06
1776537900000,80.71,80.78,80.71,80.77,12921.696
1776538800000,80.77,80.8,80.76,80.8,3280.168
1776539700000,80.79,80.8,80.73,80.73,4983.113
1776540600000,80.72,80.74,80.72,80.73,4497.778
1776541500000,80.74,80.77,80.74,80.76,1913.324
1776542400000,80.76,80.78,80.76,80.76,782.87
1776543300000,80.76,80.77,80.76,80.76,728.401
1776544200000,80.76,80.77,80.76,80.76,171.092
1776545100000,80.76,80.77,80.75,80.76,1516.882
1776546000000,80.75,80.77,80.74,80.74,1308.845
1776546900000,80.75,80.76,80.71,80.75,3056.315
1776547800000,80.75,80.77,80.73,80.76,4736.772
1776548700000,80.76,80.78,80.75,80.78,1707.425
1776549600000,80.78,80.78,80.74,80.76,1911.83
1776550500000,80.76,80.78,80.75,80.78,5070.08
1776551400000,80.77,80.79,80.76,80.78,5896.304
1776552300000,80.78,80.78,80.74,80.75,1803.222
1776553200000,80.75,80.77,80.74,80.76,953.212
1776554100000,80.77,80.77,80.74,80.75,2763.639
1776555000000,80.75,80.77,80.74,80.75,6689.586
1776555900000,80.75,80.75,80.73,80.75,5926.576
1776556800000,80.74,80.78,80.7,80.76,55181.757
1776557700000,80.77,80.77,80.71,80.75,30701.561
1776558600000,80.74,80.76,80.73,80.75,4089.594
1776559500000,80.75,80.77,80.74,80.77,4748.659
1776560400000,80.76,80.79,80.76,80.78,3458.33
1776561300000,80.79,80.79,80.78,80.78,1989.97
1776562200000,80.78,80.79,80.75,80.75,3946.373
1776563100000,80.75,80.78,80.75,80.76,3004.468
1776564000000,80.77,80.79,80.76,80.78,2728.491
1776564900000,80.79,80.8,80.75,80.75,7145.261
1776565800000,80.76,80.79,80.75,80.78,5369.222
1776566700000,80.79,80.79,80.75,80.75,2839.455
1776567600000,80.76,80.76,80.73,80.74,3273.532
1776568500000,80.73,80.75,80.71,80.72,14801.804
1776569400000,80.72,80.74,80.72,80.74,1734.943
1776570300000,80.74,80.79,80.74,80.76,8428.923
1776571200000,80.76,80.77,80.75,80.76,1787.518
1776572100000,80.75,80.76,80.75,80.75,820.503
1776573000000,80.75,80.76,80.73,80.74,10009.75
1776573900000,80.74,80.75,80.72,80.74,3757.486
1776574800000,80.74,80.74,80.71,80.73,7221.828
1776575700000,80.73,80.73,80.71,80.72,6456.418
1776576600000,80.72,80.72,80.69,80.7,6576.634
1776577500000,80.69,80.72,80.68,80.72,23130.311
1776578400000,80.72,80.74,80.71,80.74,16638.752
1776579300000,80.74,80.74,80.72,80.73,2161.093
1776580200000,80.74,80.74,80.73,80.73,2198.062
1776581100000,80.74,80.74,80.73,80.74,1940.33
1776582000000,80.73,80.74,80.72,80.73,4834.391
1776582900000,80.72,80.74,80.69,80.7,13241.267
1776583800000,80.69,80.96,80.68,80.78,98363.318
1776584700000,80.78,80.83,80.76,80.81,12102.885
1776585600000,80.81,80.81,80.73,80.75,26126.869
1776586500000,80.76,80.76,80.72,80.74,12449.829
1776587400000,80.73,80.74,80.72,80.74,7385.894
1776588300000,80.74,80.74,80.73,80.74,2928.853
1776589200000,80.74,80.76,80.73,80.75,8897.507
1776590100000,80.75,80.75,80.72,80.73,2203.486
1776591000000,80.73,80.74,80.72,80.74,7625.925
1776591900000,80.73,80.74,80.65,80.68,19750.364
1776592800000,80.67,80.69,80.64,80.65,12239.645
1776593700000,80.65,80.66,80.59,80.61,30387.531
1776594600000,80.61,80.61,80.57,80.61,11166.734
1776595500000,80.61,80.68,80.6,80.66,10962.785
1776596400000,80.66,80.66,80.6,80.62,9602.504
1776597300000,80.61,80.64,80.61,80.63,12120.142
1776598200000,80.63,80.65,80.61,80.64,16924.56
1776599100000,80.64,80.69,80.61,80.63,19875.368
1776600000000,80.63,80.64,80.54,80.56,16116.483
1776600900000,80.55,80.6,80.55,80.58,11127.664
1776601800000,80.57,80.59,80.55,80.58,9134.255
1776602700000,80.57,80.59,80.53,80.59,9784.278
1776603600000,80.58,80.69,80.58,80.68,20155.23
1776604500000,80.69,80.76,80.65,80.76,23394.036
1776605400000,80.76,80.78,80.75,80.78,8105.289
1776606300000,80.78,80.78,80.73,80.74,6830.184
1776607200000,80.74,80.74,80.69,80.71,9115.711
1776608100000,80.71,80.76,80.7,80.76,3563.162
1776609000000,80.76,80.77,80.75,80.76,3523.692
1776609900000,80.76,80.77,80.74,80.77,12481.283
1776610800000,80.77,80.77,80.73,80.74,5783.563
1776611700000,80.74,80.75,80.73,80.75,5828.406
1776612600000,80.74,80.76,80.66,80.67,9688.594
1776613500000,80.67,80.7,80.65,80.65,7417.644
1776614400000,80.65,80.66,80.52,80.53,37347.419
1776615300000,80.52,80.54,80.35,80.35,17116.245
1776616200000,80.35,80.42,80.33,80.35,18102.535
1776617100000,80.35,80.37,80.04,80.04,26666.186
1776618000000,80.04,80.07,79.85,79.86,54780.702
1776618900000,79.86,80.05,79.84,79.96,27120.492
1776619800000,79.96,80.03,79.83,79.94,25022.919
1776620700000,79.95,79.96,79.79,79.9,19095.658
1776621600000,79.9,79.98,79.71,79.84,24332.92
1776622500000,79.84,79.91,79.79,79.91,10813.663
1776623400000,79.9,80.03,79.9,80.03,30684.127
1776624300000,80.03,80.22,80.01,80.2,21852.116
1776625200000,80.19,80.35,80.18,80.34,21228.745
1776626100000,80.35,80.47,80.22,80.44,39252.662
1776627000000,80.44,80.5,80.39,80.47,37279.619
1776627900000,80.48,80.68,80.44,80.6,57978.657
1776628800000,80.59,80.59,79.47,79.59,171384.241
1776629700000,79.6,79.64,79.4,79.5,22591.923
1776630600000,79.49,79.59,79.39,79.42,44105.235
1776631500000,79.41,79.57,79.35,79.45,39100.73
1776632400000,79.45,79.59,79.43,79.45,17507.753
1776633300000,79.45,79.45,79.37,79.37,31658.597
1776634200000,79.38,79.42,79.37,79.38,21208.913
1776635100000,79.37,79.38,79.08,79.09,46416.559
1776636000000,79.08,80.05,79.01,79.79,826558.633
1776636900000,79.79,79.97,79.74,79.83,193879.765
1776637800000,79.83,79.99,79.75,79.76,114371.934
1776638700000,79.76,79.99,79.75,79.75,82860.939
1776639600000,79.76,79.83,79.59,79.59,154360.775
1776640500000,79.59,79.62,79.45,79.46,116274.889
1776641400000,79.47,79.59,78.85,79.03,260746.255
1776642300000,79.04,79.25,78.87,79.15,234047.737
1776643200000,79.15,79.31,78.77,79.26,441621.698
1776644100000,79.25,79.53,79.22,79.5,216386.783
1776645000000,79.49,79.65,79.41,79.47,109009.101
1776645900000,79.48,79.93,79.32,79.91,144844.496
1776646800000,79.9,80.28,79.76,80.02,370021.862
1776647700000,80.03,80.18,79.82,80.14,184329.466
1776648600000,80.13,80.37,80.09,80.34,128353.751
1776649500000,80.33,80.72,80.28,80.57,115633.717
1776650400000,80.58,80.67,80.38,80.4,84718.327
1776651300000,80.4,80.58,80.33,80.46,75988.529
1776652200000,80.47,80.59,80.33,80.37,144277.572
1776653100000,80.38,80.42,80.17,80.29,49340.407
1776654000000,80.29,80.33,80.09,80.12,60273.018
1776654900000,80.13,80.34,80.04,80.31,49451.282
1776655800000,80.3,80.32,80.16,80.21,48510.855
1776656700000,80.2,80.2,79.99,79.99,53625.623
1776657600000,80.0,80.14,79.97,80.03,39485.335
1776658500000,80.03,80.03,79.89,80.01,28055.006
1776659400000,80.0,80.0,79.78,79.83,38655.308
1776660300000,79.83,80.02,79.74,79.87,92597.353
1776661200000,79.88,79.95,79.7,79.77,43117.261
1776662100000,79.77,79.83,79.6,79.64,60099.869
1776663000000,79.64,79.96,79.39,79.41,167172.549
1776663900000,79.4,79.75,79.36,79.69,133209.894
1776664800000,79.69,79.92,79.64,79.77,89314.368
1776665700000,79.76,79.8,79.62,79.69,113534.848
1776666600000,79.7,79.84,79.65,79.72,64917.73
1776667500000,79.72,79.83,79.55,79.83,83745.007
1776668400000,79.84,80.08,79.76,79.94,128974.141
1776669300000,79.93,80.13,79.8,79.84,127764.611
1776670200000,79.83,79.84,79.47,79.69,277043.31
1776671100000,79.68,79.69,79.31,79.48,102945.947
1776672000000,79.47,79.55,79.3,79.39,114812.793
1776672900000,79.38,79.47,79.29,79.45,68692.875
1776673800000,79.45,79.47,79.27,79.35,60114.149
1776674700000,79.36,79.56,79.36,79.52,66977.588
1776675600000,79.52,79.63,79.45,79.54,55476.55
1776676500000,79.54,79.54,79.41,79.48,43985.584
1776677400000,79.48,79.48,79.25,79.41,56167.238
1776678300000,79.4,79.47,79.28,79.31,32147.0
1776679200000,79.31,79.72,79.31,79.6,89671.11
1776680100000,79.59,79.66,79.48,79.53,35545.641
1776681000000,79.53,79.58,79.37,79.38,40708.2
1776681900000,79.38,79.44,79.29,79.31,35048.671
1776682800000,79.32,79.35,79.13,79.26,103273.749
1776683700000,79.26,79.33,79.2,79.3,49915.011
1776684600000,79.3,79.48,79.26,79.48,62120.423
1776685500000,79.48,79.87,79.45,79.85,91876.312
1776686400000,79.84,79.9,79.66,79.77,127341.464
1776687300000,79.78,79.98,79.51,79.56,128075.382
1776688200000,79.56,79.68,79.48,79.58,69535.681
1776689100000,79.58,79.69,79.49,79.64,50983.42
1776690000000,79.64,80.22,79.6,80.06,282060.143
1776690900000,80.07,80.35,79.99,80.33,143199.206
1776691800000,80.33,80.45,80.16,80.32,180789.436
1776692700000,80.32,80.42,80.21,80.29,105357.709
1776693600000,80.29,80.3,79.83,80.08,156657.947
1776694500000,80.07,80.32,79.9,80.26,130353.911
1776695400000,80.25,80.37,79.89,80.07,119822.639
1776696300000,80.06,80.09,79.4,79.72,335737.65
1776697200000,79.72,79.82,79.5,79.62,173406.166
1776698100000,79.62,79.95,79.49,79.91,154357.259
1776699000000,79.91,79.94,79.7,79.75,59258.714
1776699900000,79.75,79.89,79.67,79.85,43999.141
1776700800000,79.85,79.89,79.68,79.87,34337.884
1776701700000,79.86,79.97,79.75,79.91,38811.08
1776702600000,79.92,79.96,79.76,79.87,43461.982
1776703500000,79.86,79.97,79.84,79.92,24931.951
1776704400000,79.92,80.06,79.88,80.01,57917.927
1776705300000,80.01,80.12,79.77,79.8,70924.296
1776706200000,79.8,79.88,79.68,79.79,71602.12
1776707100000,79.79,79.82,79.65,79.7,25951.264
1776708000000,79.7,79.94,79.7,79.93,74453.342
1776708900000,79.93,80.0,79.85,79.87,40365.184
1776709800000,79.88,79.97,79.81,79.97,37423.187
1776710700000,79.96,80.03,79.89,79.91,19355.729
1776711600000,79.91,80.11,79.91,80.09,28852.367
1776712500000,80.08,80.08,79.92,79.92,12546.344
1776713400000,79.91,79.93,79.68,79.74,39592.315
1776714300000,79.75,79.87,79.75,79.82,22331.485
1776715200000,79.82,79.82,79.7,79.72,12309.109
1776716100000,79.73,79.83,79.7,79.76,10162.736
1776717000000,79.76,79.79,79.66,79.76,22502.394
1776717900000,79.76,79.84,79.72,79.79,14943.726
1776718800000,79.8,79.88,79.77,79.78,43267.0
1776719700000,79.78,79.86,79.77,79.8,128201.534
1776720600000,79.79,79.79,79.75,79.77,15099.383
1776721500000,79.77,79.85,79.77,79.83,7567.976
1776722400000,79.82,80.13,79.71,80.05,110159.346
1776723300000,80.06,80.27,80.06,80.1,62107.262
1776724200000,80.11,80.13,80.01,80.12,35749.156
1776725100000,80.11,80.14,80.05,80.11,21531.212
1776726000000,80.11,80.17,79.97,80.0,36686.454
1776726900000,79.99,80.07,79.94,80.04,18894.175
1776727800000,80.03,80.03,79.95,80.01,18020.49
1776728700000,80.02,80.02,79.86,79.9,26436.396
1776729600000,79.91,80.11,79.85,79.97,54876.369
1776730500000,79.96,79.99,79.65,79.67,89282.919
1776731400000,79.66,79.82,79.53,79.81,62552.937
1776732300000,79.81,79.95,79.74,79.93,43927.537
1776733200000,79.93,79.98,79.43,79.47,137548.11
1776734100000,79.48,79.71,79.43,79.71,41015.952
1776735000000,79.72,79.75,79.22,79.44,95949.978
1776735900000,79.45,79.47,79.18,79.45,94672.832
1776736800000,79.45,79.51,79.37,79.45,27005.458
1776737700000,79.45,79.49,79.31,79.46,41406.523
1776738600000,79.45,79.46,79.23,79.38,51713.542
1776739500000,79.39,79.4,79.11,79.3,83813.611
1776740400000,79.31,79.31,78.92,78.98,91171.005
1776741300000,78.97,79.0,78.59,78.95,244054.164
1776742200000,78.95,79.03,78.83,78.98,103164.202
1776743100000,78.98,79.04,78.91,78.99,41737.955
1776744000000,78.98,79.04,78.95,78.98,24264.865
1776744900000,78.97,79.02,78.9,78.94,53559.261
1776745800000,78.95,78.99,78.84,78.95,46689.779
1776746700000,78.95,78.97,78.84,78.92,33660.75
1776747600000,78.91,79.16,78.86,79.14,75227.4
1776748500000,79.13,79.2,79.06,79.13,32841.661
1776749400000,79.12,79.38,79.09,79.35,90932.049
1776750300000,79.34,79.34,78.9,78.92,87852.923
1776751200000,78.92,79.04,78.75,78.92,83643.187
1776752100000,78.92,78.92,78.72,78.8,79237.465
1776753000000,78.81,79.02,78.77,78.99,47690.838
1776753900000,78.98,79.1,78.93,78.95,43090.307
1776754800000,78.94,79.01,78.67,78.95,81765.131
1776755700000,78.96,79.08,78.96,79.01,34662.491
1776756600000,79.01,79.17,78.96,79.15,47037.1
1776757500000,79.14,79.35,79.04,79.04,77527.651
1776758400000,79.04,79.1,78.57,78.68,140866.021
1776759300000,78.68,79.04,78.65,79.0,55818.058
1776760200000,79.0,79.12,78.92,79.11,50337.17
1776761100000,79.1,79.11,78.88,78.88,34161.052
1776762000000,78.88,78.89,78.67,78.79,62360.583
1776762900000,78.79,78.94,78.78,78.84,33041.924
1776763800000,78.83,78.95,78.82,78.94,28666.762
1776764700000,78.94,79.04,78.86,78.96,33055.44
1776765600000,78.97,79.07,78.94,78.98,27583.716
1776766500000,78.97,79.04,78.9,78.94,27910.184
1776767400000,78.94,79.06,78.94,79.0,30931.601
1776768300000,79.01,79.1,79.0,79.05,29856.304
1776769200000,79.06,79.06,78.63,78.75,136743.406
1776770100000,78.76,78.86,78.71,78.86,84731.609
1776771000000,78.85,79.19,78.85,79.14,75499.643
1776771900000,79.14,79.29,79.1,79.19,66086.803
1776772800000,79.2,79.27,79.1,79.11,55722.783
1776773700000,79.11,79.12,78.73,78.85,107946.531
1776774600000,78.86,79.01,78.41,78.59,364946.286
1776775500000,78.59,78.94,78.5,78.78,221786.806
1776776400000,78.78,78.9,78.18,78.2,395026.43
1776777300000,78.2,78.49,78.17,78.49,154901.79
1776778200000,78.48,79.07,78.44,78.88,263102.817
1776779100000,78.88,79.02,78.76,78.79,101309.76
1776780000000,78.8,78.92,78.69,78.79,99609.673
1776780900000,78.79,78.81,78.42,78.55,151697.782
1776781800000,78.54,78.59,77.69,77.73,482396.986
1776782700000,77.73,77.75,76.8,76.92,881254.335
1776783600000,76.93,77.29,76.73,77.23,403583.041
1776784500000,77.23,77.44,77.01,77.05,149061.183
1776785400000,77.05,77.12,76.81,77.07,173863.284
1776786300000,77.07,77.17,76.94,77.04,94921.013
1776787200000,77.05,77.32,76.76,76.87,141494.388
1776788100000,76.87,76.99,76.48,76.55,160318.97
1776789000000,76.54,76.87,76.53,76.71,143261.281
1776789900000,76.72,76.82,76.27,76.38,256062.981
1776790800000,76.38,76.58,76.18,76.32,252682.636
1776791700000,76.33,76.61,76.25,76.41,143714.298
1776792600000,76.41,77.01,76.39,76.93,227845.43
1776793500000,76.92,76.94,76.65,76.78,112499.981
1776794400000,76.78,76.87,76.59,76.69,74035.791
1776795300000,76.69,76.72,76.44,76.57,158971.841
1776796200000,76.57,76.7,76.56,76.64,46288.672
1776797100000,76.63,76.95,76.49,76.85,206213.488
1776798000000,76.86,76.99,76.74,76.82,126919.146
1776798900000,76.83,77.11,76.76,77.1,145172.368
1776799800000,77.11,77.14,75.58,75.68,429051.116
1776800700000,75.68,76.03,75.59,75.77,277086.241
1776801600000,75.77,76.54,75.48,76.29,574433.566
1776802500000,76.29,76.71,76.24,76.56,202353.864
1776803400000,76.57,76.72,76.55,76.61,41435.799
1776804300000,76.61,76.83,76.55,76.69,54078.53
1776805200000,76.69,76.78,76.65,76.74,77852.698
1776806100000,76.74,76.76,76.67,76.7,87789.433
1776807000000,76.69,76.78,76.66,76.72,29582.159
1776807900000,76.71,76.8,76.68,76.76,14608.906
1776808800000,76.76,77.09,76.71,76.94,209291.789
1776809700000,76.94,76.98,76.87,76.95,44277.724
1776810600000,76.96,76.98,76.76,76.79,58185.072
1776811500000,76.78,76.88,76.78,76.82,29522.194
1776812400000,76.82,77.17,76.8,77.09,45003.168
1776813300000,77.08,77.36,77.06,77.26,94266.096
1776814200000,77.25,77.32,77.16,77.27,38915.252
1776815100000,77.27,77.45,77.27,77.37,73065.819
1776816000000,77.38,77.59,77.38,77.49,59451.661
1776816900000,77.48,77.61,77.39,77.58,51539.9
1776817800000,77.58,77.72,77.5,77.52,53707.258
1776818700000,77.53,77.56,77.39,77.5,54108.535
1776819600000,77.49,77.7,77.38,77.45,136157.437
1776820500000,77.44,77.82,77.43,77.67,78946.767
1776821400000,77.68,77.92,77.68,77.76,146471.891
1776822300000,77.75,77.79,77.6,77.63,34658.634
1776823200000,77.63,77.93,77.57,77.89,82725.972
1776824100000,77.9,77.99,77.83,77.94,40628.478
1776825000000,77.93,77.95,77.71,77.75,49994.27
1776825900000,77.74,77.94,77.74,77.9,35037.925
1776826800000,77.89,78.16,77.82,78.14,121437.801
1776827700000,78.14,78.24,78.1,78.21,73966.051
1776828600000,78.21,78.31,78.07,78.14,59658.975
1776829500000,78.13,78.17,78.07,78.1,29544.038
1776830400000,78.1,78.16,77.99,78.06,50749.557
1776831300000,78.05,78.06,77.97,77.99,40689.539
1776832200000,78.0,78.02,77.91,77.93,33113.718
1776833100000,77.92,78.06,77.88,78.02,43795.304
1776834000000,78.03,78.2,77.97,78.16,25289.377
1776834900000,78.16,78.67,78.15,78.45,227321.787
1776835800000,78.45,78.69,78.36,78.58,149639.776
1776836700000,78.58,78.65,78.5,78.52,69360.026
1776837600000,78.53,78.53,78.3,78.4,100325.997
1776838500000,78.4,78.59,78.34,78.59,36020.266
1776839400000,78.58,78.62,78.48,78.51,33103.204
1776840300000,78.5,78.62,78.48,78.59,27049.628
1776841200000,78.59,78.65,78.52,78.54,37887.356
1776842100000,78.54,78.59,78.39,78.53,87757.521
1776843000000,78.52,78.53,78.38,78.47,40763.174
1776843900000,78.47,78.49,78.33,78.34,28523.577
1776844800000,78.35,78.38,78.19,78.23,71351.002
1776845700000,78.23,78.25,78.04,78.06,93879.605
1776846600000,78.07,78.18,78.0,78.09,115358.107
1776847500000,78.09,78.19,78.01,78.17,52004.156
1776848400000,78.17,78.33,78.14,78.23,107039.974
1776849300000,78.24,78.27,78.14,78.15,44643.422
1776850200000,78.15,78.19,78.02,78.08,65779.183
1776851100000,78.1,78.1,77.89,77.96,77364.867
1776852000000,77.96,78.03,77.67,77.78,116639.678
1776852900000,77.77,77.96,77.76,77.95,55541.439
1776853800000,77.95,78.12,77.93,77.99,64814.357
1776854700000,78.0,78.1,77.97,78.07,32102.291
1776855600000,78.07,78.14,78.0,78.03,68486.153
1776856500000,78.03,78.2,78.03,78.13,78135.391
1776857400000,78.13,78.22,77.97,77.99,57415.386
1776858300000,77.98,78.18,77.98,78.07,41898.311
1776859200000,78.07,78.3,78.07,78.16,81844.77
1776860100000,78.16,78.21,77.97,78.0,101203.288
1776861000000,78.0,78.02,77.71,77.74,157377.107
1776861900000,77.74,77.78,77.58,77.7,106598.254
1776862800000,77.7,77.93,77.56,77.74,197606.003
1776863700000,77.74,77.99,77.45,77.99,275675.027
1776864600000,78.0,78.11,77.76,78.1,192954.674
1776865500000,78.1,78.31,78.07,78.19,170523.495
1776866400000,78.19,78.37,78.05,78.24,119872.712
1776867300000,78.24,78.44,78.12,78.14,177729.991
1776868200000,78.14,78.17,77.77,77.78,252357.056
1776869100000,77.78,77.99,77.75,77.83,78774.369
1776870000000,77.84,78.15,77.82,78.09,57486.001
1776870900000,78.09,78.09,77.89,78.02,50527.619
1776871800000,78.02,78.05,77.75,77.77,68720.07
1776872700000,77.76,77.94,77.74,77.86,38680.85
1776873600000,77.86,77.98,77.8,77.94,34018.851
1776874500000,77.94,77.95,77.77,77.8,31066.206
1776875400000,77.8,77.87,77.66,77.77,75837.189
1776876300000,77.76,77.78,77.66,77.69,65371.588
1776877200000,77.7,78.08,77.69,77.98,70288.495
1776878100000,77.98,78.08,77.88,77.89,56695.449
1776879000000,77.9,77.93,77.83,77.88,26568.804
1776879900000,77.88,77.98,77.83,77.93,43398.648
1776880800000,77.92,77.99,77.88,77.92,33059.427
1776881700000,77.92,77.94,77.74,77.79,23368.809
1776882600000,77.8,77.91,77.76,77.89,30856.922
1776883500000,77.89,78.03,77.87,77.93,49822.294
1776884400000,77.93,77.93,77.75,77.78,36335.557
1776885300000,77.77,77.84,77.71,77.82,28810.885
1776886200000,77.82,77.83,77.71,77.76,33768.803
1776887100000,77.75,77.84,77.7,77.81,39096.739
1776888000000,77.8,77.85,77.7,77.72,24332.61
1776888900000,77.71,77.75,77.63,77.69,36255.705
1776889800000,77.69,77.75,77.65,77.72,18647.711
1776890700000,77.73,77.77,77.71,77.72,26458.489
1776891600000,77.72,77.8,77.67,77.78,98877.201
1776892500000,77.78,77.8,77.72,77.77,59358.714
1776893400000,77.77,77.88,77.77,77.85,42489.343
1776894300000,77.85,77.89,77.66,77.76,37673.481
1776895200000,77.76,77.84,77.61,77.64,80630.79
1776896100000,77.64,77.74,77.63,77.65,35968.708
1776897000000,77.65,77.7,77.57,77.61,27448.776
1776897900000,77.61,77.66,77.51,77.53,32999.705
1776898800000,77.53,77.59,77.47,77.54,23762.481
1776899700000,77.53,77.62,77.5,77.54,41474.412
1776900600000,77.53,77.53,77.42,77.46,35119.508
1776901500000,77.47,77.59,77.47,77.56,41586.599
1776902400000,77.57,77.6,76.66,76.66,459228.336
1776903300000,76.66,77.88,76.42,77.85,704556.878
1776904200000,77.86,78.33,77.85,78.09,383557.399
1776905100000,78.09,78.4,78.06,78.21,158678.443
1776906000000,78.2,78.36,77.96,77.99,171825.882
1776906900000,77.98,78.03,77.49,77.53,200480.232
1776907800000,77.54,77.77,77.46,77.71,81148.318
1776908700000,77.71,77.79,77.06,77.11,207481.352
1776909600000,77.1,77.1,76.69,76.8,218795.042
1776910500000,76.8,77.11,76.71,76.91,141084.355
1776911400000,76.91,76.98,76.18,76.27,445021.191
1776912300000,76.26,76.42,75.84,75.86,444838.17
1776913200000,75.86,76.25,75.78,75.95,314485.34
1776914100000,75.94,76.08,75.71,75.87,199078.125
1776915000000,75.86,76.34,75.85,76.22,174507.952
1776915900000,76.21,76.27,76.06,76.16,76715.159
1776916800000,76.15,76.32,76.06,76.3,103503.914
1776917700000,76.31,76.31,76.12,76.19,45956.277
1776918600000,76.18,76.25,76.12,76.12,29630.174
1776919500000,76.12,76.28,76.04,76.27,25096.009
1776920400000,76.27,76.39,76.23,76.31,58991.136
1776921300000,76.31,76.32,76.13,76.16,38744.672
1776922200000,76.17,76.19,75.66,75.96,173693.851
1776923100000,75.96,76.33,75.96,76.29,70104.159
1776924000000,76.3,76.36,76.03,76.06,99900.965
1776924900000,76.06,76.19,75.88,76.16,92872.295
1776925800000,76.15,76.22,76.04,76.17,59658.085
1776926700000,76.17,76.33,76.12,76.2,102091.455
1776927600000,76.2,76.21,76.01,76.07,92512.141
1776928500000,76.07,76.15,75.9,75.92,85635.344
1776929400000,75.91,76.19,75.84,76.17,106538.266
1776930300000,76.17,76.43,76.17,76.26,120620.011
1776931200000,76.27,76.36,76.13,76.19,110973.625
1776932100000,76.19,76.25,76.02,76.04,143914.58
1776933000000,76.04,76.06,75.69,75.71,166010.359
1776933900000,75.7,75.81,75.56,75.7,172894.101
1776934800000,75.69,75.69,75.2,75.28,340297.296
1776935700000,75.28,75.63,75.2,75.57,168134.985
1776936600000,75.57,75.66,75.51,75.56,76129.714
1776937500000,75.56,75.59,75.35,75.45,95945.11
1776938400000,75.45,75.53,74.92,75.0,238212.293
1776939300000,75.0,75.09,74.36,74.37,473311.001
1776940200000,74.37,74.62,74.31,74.54,238282.785
1776941100000,74.54,74.66,74.38,74.63,211734.547
1776942000000,74.64,74.76,74.55,74.61,157531.374
1776942900000,74.61,74.81,74.58,74.69,132791.704
1776943800000,74.68,75.13,74.62,75.1,234517.524
1776944700000,75.11,75.68,75.08,75.57,245963.38
1776945600000,75.57,76.38,75.55,76.26,402616.902
1776946500000,76.26,76.78,76.21,76.76,435568.798
1776947400000,76.76,77.05,76.75,76.89,308094.932
1776948300000,76.89,77.01,76.6,76.84,477454.957
1776949200000,76.84,76.97,76.3,76.35,341381.295
1776950100000,76.36,76.47,76.02,76.03,261887.21
1776951000000,76.02,76.43,75.79,76.37,427110.055
1776951900000,76.36,76.48,75.96,75.96,209260.535
1776952800000,75.95,75.96,75.56,75.92,308199.874
1776953700000,75.92,76.36,75.89,76.27,176361.372
1776954600000,76.27,76.44,76.13,76.31,130966.398
1776955500000,76.31,76.42,76.16,76.28,75452.0
1776956400000,76.28,76.33,76.04,76.18,120826.585
1776957300000,76.18,76.55,76.16,76.29,156077.158
1776958200000,76.29,76.37,76.12,76.12,81643.551
1776959100000,76.12,76.15,75.87,76.1,145292.021
1776960000000,76.11,76.23,75.99,76.15,67929.641
1776960900000,76.15,76.29,76.15,76.22,56941.591
1776961800000,76.22,76.46,76.19,76.43,83520.175
1776962700000,76.43,76.53,76.34,76.38,89489.86
1776963600000,76.38,76.44,75.64,75.86,300945.282
1776964500000,75.86,75.89,75.42,75.55,296862.565
1776965400000,75.56,75.79,74.88,74.99,345672.18
1776966300000,74.99,75.74,74.69,75.69,619203.616
1776967200000,75.69,76.11,75.66,75.94,208479.764
1776968100000,75.95,76.11,75.85,76.07,91826.906
1776969000000,76.07,76.16,75.82,75.94,64418.079
1776969900000,75.93,75.94,75.57,75.63,86318.995
1776970800000,75.63,75.74,75.47,75.68,127046.99
1776971700000,75.68,75.83,75.68,75.78,51069.99
1776972600000,75.78,75.85,75.43,75.51,88584.652
1776973500000,75.51,75.72,75.46,75.6,104918.558
1776974400000,75.6,75.67,75.42,75.43,52609.141
1776975300000,75.43,75.52,75.31,75.45,32011.502
1776976200000,75.46,75.52,75.43,75.51,19012.879
1776977100000,75.51,75.54,75.4,75.51,16942.801
1776978000000,75.51,75.59,75.46,75.5,41050.508
1776978900000,75.51,75.56,75.46,75.54,12983.428
1776979800000,75.54,75.65,75.53,75.64,16972.128
1776980700000,75.63,75.69,75.61,75.62,4891.985
1776981600000,75.62,75.81,75.59,75.71,100328.792
1776982500000,75.7,75.72,75.43,75.51,75798.488
1776983400000,75.51,75.68,75.48,75.54,49246.718
1776984300000,75.54,75.56,75.38,75.47,31037.142
1776985200000,75.48,75.54,75.33,75.38,38415.717
1776986100000,75.38,75.54,75.26,75.54,81666.216
1776987000000,75.54,75.73,75.54,75.64,81597.814
1776987900000,75.65,75.74,75.49,75.59,54677.909
1776988800000,75.6,75.77,75.44,75.67,123081.158
1776989700000,75.68,75.93,75.59,75.9,130946.054
1776990600000,75.9,75.99,75.66,75.68,123096.454
1776991500000,75.68,75.86,75.52,75.81,87236.995
1776992400000,75.82,75.94,75.37,75.79,143085.322
1776993300000,75.79,75.89,75.44,75.45,112232.486
1776994200000,75.44,75.57,75.13,75.17,104475.447
1776995100000,75.17,75.66,75.15,75.63,74218.931
1776996000000,75.62,75.64,75.3,75.44,98930.125
1776996900000,75.43,75.49,75.11,75.18,107090.513
1776997800000,75.18,75.47,75.09,75.3,166241.44
1776998700000,75.31,75.37,74.91,75.08,453741.095
1776999600000,75.07,75.2,74.74,74.8,241779.586
1777000500000,74.8,75.08,74.77,74.93,147134.529
1777001400000,74.94,75.11,74.82,74.97,93085.012
1777002300000,74.97,75.03,74.88,74.9,78870.878
1777003200000,74.9,75.05,74.77,74.95,83806.152
1777004100000,74.95,74.98,74.73,74.79,94549.775
1777005000000,74.79,74.94,74.76,74.94,98670.508
1777005900000,74.94,75.14,74.94,75.09,52078.956
1777006800000,75.09,75.18,74.9,75.02,81654.54
1777007700000,75.02,75.1,74.93,75.03,77054.918
1777008600000,75.03,75.28,74.99,75.04,138026.573
1777009500000,75.05,75.18,74.96,75.15,81539.687
1777010400000,75.16,75.2,74.97,75.01,91301.628
1777011300000,75.01,75.04,74.49,74.56,198216.083
1777012200000,74.56,74.67,74.35,74.41,260475.171
1777013100000,74.41,74.48,74.01,74.34,414898.422
1777014000000,74.33,74.72,74.28,74.69,165960.902
1777014900000,74.69,74.78,74.61,74.7,109776.394
1777015800000,74.7,74.72,74.59,74.68,81608.091
1777016700000,74.68,74.96,74.65,74.93,80033.657
1777017600000,74.93,74.96,74.58,74.66,118612.165
1777018500000,74.66,75.01,74.66,74.73,141556.74
1777019400000,74.73,74.81,74.66,74.78,52209.533
1777020300000,74.77,74.94,74.77,74.87,83505.016
1777021200000,74.87,75.0,74.86,74.96,83896.187
1777022100000,74.96,75.0,74.71,74.86,122405.552
1777023000000,74.86,74.97,74.78,74.91,61562.903
1777023900000,74.91,74.92,74.65,74.75,48417.49
1777024800000,74.74,74.82,74.7,74.77,33960.674
1777025700000,74.78,74.93,74.75,74.88,46645.74
1777026600000,74.88,74.94,74.74,74.9,53806.292
1777027500000,74.89,74.93,74.83,74.86,28300.373
1777028400000,74.86,75.79,74.85,75.63,526972.643
1777029300000,75.62,76.24,75.54,76.23,557110.642
1777030200000,76.23,76.29,75.91,75.94,341287.054
1777031100000,75.93,76.04,75.83,75.99,151094.901
1777032000000,76.0,76.19,75.98,76.13,178832.865
1777032900000,76.14,76.28,76.02,76.14,224364.058
1777033800000,76.13,76.16,75.67,75.68,183335.87
1777034700000,75.69,75.78,75.51,75.65,169932.542
1777035600000,75.66,75.81,75.29,75.64,296723.046
1777036500000,75.64,75.79,75.37,75.5,183730.866
1777037400000,75.51,75.73,75.27,75.65,268523.497
1777038300000,75.66,75.99,75.6,75.83,269132.067
1777039200000,75.82,76.26,75.68,76.04,354905.912
1777040100000,76.03,76.17,75.88,75.99,220646.011
1777041000000,75.99,76.2,75.91,76.12,119092.066
1777041900000,76.13,76.18,75.9,75.96,98160.386
1777042800000,75.96,76.03,75.75,75.81,88140.37
1777043700000,75.81,75.96,75.7,75.77,105171.863
1777044600000,75.77,76.22,75.74,76.16,169070.847
1777045500000,76.16,76.62,76.16,76.41,507102.912
1777046400000,76.41,76.46,76.11,76.15,127050.401
1777047300000,76.14,76.28,76.11,76.23,113980.17
1777048200000,76.23,76.39,76.15,76.25,99057.244
1777049100000,76.25,76.47,76.17,76.44,127742.428
1777050000000,76.44,76.61,76.43,76.59,153829.721
1777050900000,76.59,76.68,76.34,76.51,157603.672
1777051800000,76.51,76.63,76.4,76.54,85424.079
1777052700000,76.54,76.73,76.48,76.56,88109.543
1777053600000,76.56,76.59,76.44,76.56,31384.979
1777054500000,76.56,76.58,76.4,76.41,28210.618
1777055400000,76.41,76.51,76.38,76.48,19397.286
1777056300000,76.48,76.54,76.39,76.53,45307.416
1777057200000,76.54,76.64,76.5,76.55,81778.94
1777058100000,76.55,76.57,76.3,76.31,138999.584
1777059000000,76.31,76.37,76.13,76.14,135141.377
1777059900000,76.13,76.18,76.04,76.07,69065.369
1777060800000,76.07,76.08,75.89,75.95,76145.387
1777061700000,75.94,76.01,75.92,75.98,50874.739
1777062600000,75.98,76.03,75.9,75.92,29386.903
1777063500000,75.93,75.95,75.8,75.86,60960.564
1777064400000,75.86,75.93,75.75,75.76,29815.52
1777065300000,75.75,75.81,75.75,75.78,33045.368
1777066200000,75.78,75.8,75.77,75.8,12966.451
1777067100000,75.79,75.8,75.78,75.78,7303.289
1777068000000,75.79,75.79,75.76,75.76,8943.622
1777068900000,75.76,75.78,75.74,75.75,11520.587
1777069800000,75.75,75.77,75.74,75.75,8708.576
1777070700000,75.76,75.76,75.68,75.7,18417.347
1777071600000,75.7,75.7,75.69,75.7,2468.144
1777072500000,75.7,75.7,75.69,75.69,6908.737
1777073400000,75.7,75.74,75.69,75.73,16502.097
1777074300000,75.74,75.76,75.73,75.75,4400.971
1777075200000,75.76,75.77,75.75,75.77,1592.313
1777076100000,75.77,75.77,75.75,75.76,3584.395
1777077000000,75.75,75.76,75.75,75.75,1334.591
1777077900000,75.76,75.77,75.75,75.75,5027.575
1777078800000,75.76,75.76,75.75,75.75,994.949
1777079700000,75.76,75.76,75.75,75.75,1958.223
1777080600000,75.76,75.76,75.75,75.75,2494.906
1777081500000,75.75,75.76,75.75,75.75,1267.345
1777082400000,75.76,75.79,75.75,75.78,6244.468
1777083300000,75.77,75.78,75.76,75.77,2518.068
1777084200000,75.77,75.77,75.76,75.76,930.809
1777085100000,75.77,75.77,75.76,75.77,633.622
1777086000000,75.77,75.77,75.76,75.76,1574.721
1777086900000,75.76,75.77,75.76,75.77,658.813
1777087800000,75.77,75.77,75.76,75.77,1219.738
1777088700000,75.76,75.77,75.75,75.75,2864.293
1777089600000,75.75,75.76,75.75,75.75,937.907
1777090500000,75.75,75.76,75.75,75.76,397.706
1777091400000,75.76,75.76,75.75,75.75,815.028
1777092300000,75.75,75.76,75.75,75.76,428.479
1777093200000,75.76,75.76,75.72,75.73,6661.15
1777094100000,75.73,75.74,75.72,75.72,1850.102
1777095000000,75.73,75.76,75.72,75.75,7526.578
1777095900000,75.75,75.76,75.75,75.76,161.155
1777096800000,75.75,75.76,75.75,75.75,268.949
1777097700000,75.75,75.76,75.75,75.76,1118.495
1777098600000,75.76,75.77,75.75,75.76,2618.161
1777099500000,75.76,75.76,75.75,75.76,1575.103
1777100400000,75.76,75.76,75.75,75.76,1167.679
1777101300000,75.76,75.77,75.75,75.77,1011.25
1777102200000,75.76,75.77,75.76,75.77,1932.627
1777103100000,75.76,75.77,75.76,75.76,1800.79
1777104000000,75.77,75.77,75.76,75.76,181.68
1777104900000,75.77,75.77,75.76,75.76,39.735
1777105800000,75.77,75.77,75.76,75.76,281.106
1777106700000,75.77,75.77,75.76,75.77,427.215
1777107600000,75.77,75.77,75.76,75.77,203.022
1777108500000,75.77,75.77,75.76,75.77,847.942
1777109400000,75.77,75.77,75.76,75.77,1484.76
1777110300000,75.77,75.77,75.76,75.76,5916.99
1777111200000,75.77,75.77,75.76,75.76,1304.299
1777112100000,75.77,75.77,75.76,75.77,180.213
1777113000000,75.77,75.77,75.76,75.76,2416.647
1777113900000,75.77,75.77,75.76,75.77,1207.466
1777114800000,75.76,75.77,75.76,75.77,526.542
1777115700000,75.77,75.77,75.75,75.75,5107.423
1777116600000,75.75,75.76,75.73,75.75,7086.287
1777117500000,75.75,75.76,75.73,75.76,3634.749
1777118400000,75.76,75.76,75.75,75.76,569.107
1777119300000,75.75,75.76,75.75,75.76,161.589
1777120200000,75.76,75.76,75.75,75.76,1954.049
1777121100000,75.76,75.76,75.75,75.76,186.234
1777122000000,75.76,75.76,75.75,75.76,427.721
1777122900000,75.75,75.76,75.75,75.76,522.741
1777123800000,75.76,75.76,75.75,75.75,237.281
1777124700000,75.76,75.76,75.75,75.76,258.752
1777125600000,75.75,75.76,75.74,75.75,3267.893
1777126500000,75.74,75.75,75.74,75.75,852.482
1777127400000,75.75,75.75,75.74,75.74,1593.553
1777128300000,75.75,75.75,75.74,75.74,1867.815
1777129200000,75.75,75.76,75.74,75.76,2770.529
1777130100000,75.76,75.77,75.75,75.77,2457.323
1777131000000,75.77,75.77,75.74,75.76,7827.969
1777131900000,75.76,75.76,75.73,75.74,5641.712
1777132800000,75.75,75.76,75.74,75.75,4989.834
1777133700000,75.76,75.79,75.75,75.78,10133.238
1777134600000,75.79,75.79,75.76,75.76,3157.28
1777135500000,75.77,75.77,75.75,75.75,3247.227
1777136400000,75.76,75.76,75.74,75.74,1523.313
1777137300000,75.74,75.75,75.73,75.74,491.384
1777138200000,75.74,75.74,75.73,75.73,2307.083
1777139100000,75.73,75.74,75.73,75.73,286.642
1777140000000,75.74,75.75,75.73,75.74,1944.352
1777140900000,75.74,75.75,75.74,75.74,1496.768
1777141800000,75.75,75.75,75.74,75.74,287.23
1777142700000,75.75,75.75,75.74,75.74,4002.912
1777143600000,75.75,75.75,75.74,75.75,1730.037
1777144500000,75.75,75.75,75.74,75.75,1207.922
1777145400000,75.74,75.75,75.74,75.75,116.949
1777146300000,75.74,75.75,75.74,75.74,408.018
1777147200000,75.75,75.75,75.74,75.75,285.04
1777148100000,75.75,75.77,75.74,75.77,6468.807
1777149000000,75.77,75.78,75.76,75.78,1074.772
1777149900000,75.78,75.78,75.77,75.78,95.398
1777150800000,75.77,75.79,75.77,75.79,637.968
1777151700000,75.78,75.8,75.78,75.8,1319.099
1777152600000,75.79,75.82,75.79,75.82,4506.072
1777153500000,75.82,75.82,75.81,75.82,449.574
1777154400000,75.82,75.82,75.81,75.82,371.098
1777155300000,75.82,75.82,75.81,75.82,65.87
